1,message: 1
2,message: 2
3,message: 3
4,message: 4
5,message: 5
6,message: 6
7,message: 7
8,message: 8
9,message: 9
10,message: 10
11,message: 11
12,message: 12
13,message: 13
14,message: 14
15,message: 15
16,message: 16
17,message: 17
18,message: 18
19,message: 19
20,message: 20
21,message: 21
22,message: 22
23,message: 23
24,message: 24
25,message: 25
26,message: 26
27,message: 27
28,message: 28
29,message: 29
30,message: 30
31,message: 31
32,message: 32
33,message: 33
34,message: 34
35,message: 35
36,message: 36
37,message: 37
38,message: 38
39,message: 39
40,message: 40
41,message: 41
42,message: 42
43,message: 43
44,message: 44
45,message: 45
46,message: 46
47,message: 47
48,message: 48
49,message: 49
50,message: 50
51,message: 51
52,message: 52
53,message: 53
54,message: 54
55,message: 55
56,message: 56
57,message: 57
58,message: 58
59,message: 59
60,message: 60
61,message: 61
62,message: 62
63,message: 63
64,message: 64
65,message: 65
66,message: 66
67,message: 67
68,message: 68
69,message: 69
70,message: 70
71,message: 71
72,message: 72
73,message: 73
74,message: 74
75,message: 75
76,message: 76
77,message: 77
78,message: 78
79,message: 79
80,message: 80
81,message: 81
82,message: 82
83,message: 83
84,message: 84
85,message: 85
86,message: 86
87,message: 87
88,message: 88
89,message: 89
90,message: 90
91,message: 91
92,message: 92
93,message: 93
94,message: 94
95,message: 95
96,message: 96
97,message: 97
98,message: 98
99,message: 99
100,message: 100
